{
  "kernel=rbf, C=0.001, gamma=1e-05, probability=True": {
    "single": {
      "mean_score": 0.6069220099671244,
      "std_score": 0.029131117572979662,
      "scores": [
        0.6618572108108108,
        0.6053497920997921,
        0.587949410949411,
        0.6013769923769924,
        0.5780766435986159
      ]
    }
  },
  "kernel=rbf, C=0.001, gamma=0.0001, probability=True": {
    "single": {
      "mean_score": 0.6140758630833976,
      "std_score": 0.015985207402748967,
      "scores": [
        0.6147573621621621,
        0.622288808038808,
        0.5866157311157312,
        0.6114566874566875,
        0.6352607266435987
      ]
    }
  },
  "kernel=rbf, C=0.001, gamma=0.001, probability=True": {
    "single": {
      "mean_score": 0.6432819026205977,
      "std_score": 0.022120072792212495,
      "scores": [
        0.6698087783783784,
        0.6614041926541927,
        0.6065259875259875,
        0.6433506583506583,
        0.6353198961937716
      ]
    }
  },
  "kernel=rbf, C=0.001, gamma=0.01, probability=True": {
    "single": {
      "mean_score": 0.6795712979056032,
      "std_score": 0.012461340234408718,
      "scores": [
        0.6813986594594594,
        0.6932264379764379,
        0.663503465003465,
        0.6670523215523215,
        0.6926756055363321
      ]
    }
  },
  "kernel=rbf, C=0.001, gamma=0.1, probability=True": {
    "single": {
      "mean_score": 0.6763773761073504,
      "std_score": 0.01946058974743427,
      "scores": [
        0.6760102054054055,
        0.6992766805266805,
        0.6405855855855855,
        0.6827855162855163,
        0.683228892733564
      ]
    }
  },
  "kernel=rbf, C=0.01, gamma=1e-05, probability=True": {
    "single": {
      "mean_score": 0.6121806169906504,
      "std_score": 0.02119717324558666,
      "scores": [
        0.6526446702702703,
        0.6053497920997921,
        0.5927196812196812,
        0.5986351351351351,
        0.6115538062283737
      ]
    }
  },
  "kernel=rbf, C=0.01, gamma=0.0001, probability=True": {
    "single": {
      "mean_score": 0.6341416837704992,
      "std_score": 0.011159282376568914,
      "scores": [
        0.6161387243243243,
        0.6478061330561331,
        0.6272238392238392,
        0.6403243243243243,
        0.6392153979238755
      ]
    }
  },
  "kernel=rbf, C=0.01, gamma=0.001, probability=True": {
    "single": {
      "mean_score": 0.6853084820606818,
      "std_score": 0.014802327828276075,
      "scores": [
        0.7060607999999999,
        0.6994724532224532,
        0.6676534996534996,
        0.6753374913374914,
        0.6780181660899653
      ]
    }
  },
  "kernel=rbf, C=0.01, gamma=0.01, probability=True": {
    "single": {
      "mean_score": 0.7113379626232355,
      "std_score": 0.010045208532533443,
      "scores": [
        0.7070747675675675,
        0.7301737699237699,
        0.7016670131670132,
        0.7052796257796258,
        0.7124946366782007
      ]
    }
  },
  "kernel=rbf, C=0.01, gamma=0.1, probability=True": {
    "single": {
      "mean_score": 0.7202955324277804,
      "std_score": 0.008367359973491119,
      "scores": [
        0.7195419675675676,
        0.7322482674982674,
        0.708502079002079,
        0.7147889812889813,
        0.7263963667820068
      ]
    }
  },
  "kernel=rbf, C=0.1, gamma=1e-05, probability=True": {
    "single": {
      "mean_score": 0.6346305848540262,
      "std_score": 0.007598284624712318,
      "scores": [
        0.6205810162162162,
        0.6408667706167707,
        0.6418298683298683,
        0.6345069300069299,
        0.6353683391003461
      ]
    }
  },
  "kernel=rbf, C=0.1, gamma=0.0001, probability=True": {
    "single": {
      "mean_score": 0.6733302279113822,
      "std_score": 0.018196503963359964,
      "scores": [
        0.6454123243243243,
        0.6994332986832987,
        0.6630824670824671,
        0.6822782397782396,
        0.6764448096885813
      ]
    }
  },
  "kernel=rbf, C=0.1, gamma=0.001, probability=True": {
    "single": {
      "mean_score": 0.7288917397870163,
      "std_score": 0.013330793244983898,
      "scores": [
        0.726163372972973,
        0.7487378724878725,
        0.7072882882882883,
        0.7288468468468469,
        0.7334223183391003
      ]
    }
  },
  "kernel=rbf, C=0.1, gamma=0.01, probability=True": {
    "single": {
      "mean_score": 0.7176258865729078,
      "std_score": 0.012006328620539722,
      "scores": [
        0.7067620324324325,
        0.7405476437976437,
        0.709460498960499,
        0.7144386694386695,
        0.716920588235294
      ]
    }
  },
  "kernel=rbf, C=0.1, gamma=0.1, probability=True": {
    "single": {
      "mean_score": 0.7207907322746969,
      "std_score": 0.009107254204744787,
      "scores": [
        0.7196824216216215,
        0.733410083160083,
        0.7068063063063064,
        0.7167543312543312,
        0.7273005190311419
      ]
    }
  },
  "kernel=rbf, C=1, gamma=1e-05, probability=True": {
    "single": {
      "mean_score": 0.6532350404749812,
      "std_score": 0.0081092207544111,
      "scores": [
        0.6446844540540541,
        0.6631571379071379,
        0.6441105336105335,
        0.6617979902979902,
        0.6524250865051904
      ]
    }
  },
  "kernel=rbf, C=1, gamma=0.0001, probability=True": {
    "single": {
      "mean_score": 0.6927849757254088,
      "std_score": 0.007933554630279513,
      "scores": [
        0.6818798702702703,
        0.6940244282744282,
        0.6862248787248786,
        0.6977692307692308,
        0.7040264705882353
      ]
    }
  },
  "kernel=rbf, C=1, gamma=0.001, probability=True": {
    "single": {
      "mean_score": 0.7173615981679844,
      "std_score": 0.012429370152967951,
      "scores": [
        0.696275027027027,
        0.7349080041580042,
        0.7153218988218988,
        0.7198364518364518,
        0.7204666089965398
      ]
    }
  },
  "kernel=rbf, C=1, gamma=0.01, probability=True": {
    "single": {
      "mean_score": 0.7119797224590254,
      "std_score": 0.006654891194841272,
      "scores": [
        0.705657772972973,
        0.724151593901594,
        0.7102307692307693,
        0.7066240471240471,
        0.7132344290657439
      ]
    }
  },
  "kernel=rbf, C=1, gamma=0.1, probability=True": {
    "single": {
      "mean_score": 0.720443566680143,
      "std_score": 0.009274947107591273,
      "scores": [
        0.7181204756756757,
        0.7331200623700624,
        0.7061458766458766,
        0.7173250173250174,
        0.7275064013840831
      ]
    }
  },
  "kernel=rbf, C=10, gamma=1e-05, probability=True": {
    "single": {
      "mean_score": 0.6642182178416265,
      "std_score": 0.018991732574887645,
      "scores": [
        0.6281717621621622,
        0.666289501039501,
        0.6671725571725571,
        0.6775017325017325,
        0.6819555363321799
      ]
    }
  },
  "kernel=rbf, C=10, gamma=0.0001, probability=True": {
    "single": {
      "mean_score": 0.6780299327592698,
      "std_score": 0.01875097290706824,
      "scores": [
        0.6474395675675676,
        0.6999831947331947,
        0.6947706167706168,
        0.6702907137907138,
        0.6776655709342561
      ]
    }
  },
  "kernel=rbf, C=10, gamma=0.001, probability=True": {
    "single": {
      "mean_score": 0.7133635612880701,
      "std_score": 0.012682426728328136,
      "scores": [
        0.6888486054054055,
        0.7230344767844767,
        0.7146233541233542,
        0.7173399168399168,
        0.7229714532871974
      ]
    }
  },
  "kernel=rbf, C=10, gamma=0.01, probability=True": {
    "single": {
      "mean_score": 0.6990783438405666,
      "std_score": 0.006310148984491642,
      "scores": [
        0.6958028108108107,
        0.7100656618156618,
        0.6930537075537075,
        0.6943669438669439,
        0.7021025951557093
      ]
    }
  },
  "kernel=rbf, C=10, gamma=0.1, probability=True": {
    "single": {
      "mean_score": 0.695134413373139,